<?xml version="1.0" encoding="utf-8" ?>
<Prebuild xmlns="http://dnpb.sourceforge.net/schemas/prebuild-1.7.xsd" version="1.7">
  <Solution name="LaunchSLClient" activeConfig="Debug" path="./" version="0.5.0-svn">
    <Configuration name="Debug">
      <Options>
        <CompilerDefines>TRACE;DEBUG</CompilerDefines>
        <OptimizeCode>false</OptimizeCode>
        <CheckUnderflowOverflow>false</CheckUnderflowOverflow>
        <AllowUnsafe>false</AllowUnsafe>
        <WarningLevel>4</WarningLevel>
        <WarningsAsErrors>false</WarningsAsErrors>
        <SuppressWarnings></SuppressWarnings>
        <OutputPath>../../../bin</OutputPath>
        <DebugInformation>true</DebugInformation>
        <IncrementalBuild>true</IncrementalBuild>
        <NoStdLib>false</NoStdLib>
      </Options>
    </Configuration>
    <Configuration name="Release">
      <Options>
        <CompilerDefines>TRACE</CompilerDefines>
        <OptimizeCode>true</OptimizeCode>
        <CheckUnderflowOverflow>false</CheckUnderflowOverflow>
        <AllowUnsafe>false</AllowUnsafe>
        <WarningLevel>4</WarningLevel>
        <WarningsAsErrors>false</WarningsAsErrors>
        <SuppressWarnings></SuppressWarnings>
        <OutputPath>../../../bin</OutputPath>
        <DebugInformation>false</DebugInformation>
        <IncrementalBuild>true</IncrementalBuild>
        <NoStdLib>false</NoStdLib>
      </Options>
    </Configuration>

    <Project name="LaunchSLClient" path="LaunchSLClient" type="Exe">
      <Configuration name="Debug">
        <Options>
          <OutputPath>../../../../bin/</OutputPath>
        </Options>
      </Configuration>
      <Configuration name="Release">
        <Options>
          <OutputPath>../../../../bin/</OutputPath>
        </Options>
      </Configuration>

      <ReferencePath>../../../../bin/</ReferencePath>
      <Reference name="System" localCopy="false"/>
      <Reference name="System.IO" localCopy="false"/>
      <Reference name="System.Collections" localCopy="false"/>
      <Reference name="System.Collections.Generic" localCopy="false"/>
      <Reference name="System.ComponentModel" localCopy="false"/>
      <Reference name="System.Data" localCopy="false"/>
      <Reference name="System.Diagnostics" localCopy="false"/>
      <Reference name="System.Drawing" localCopy="false"/>
      <Reference name="System.Text" localCopy="false"/>
      <Reference name="System.Text.RegularExpressions" localCopy="false"/>
      <Reference name="System.Windows.Forms" localCopy="false"/>
      <Reference name="Microsoft.Win32" localCopy="false"/>
      <Reference name="Nini.dll"/>

      <Files>
        <Match pattern="*.cs" recurse="true"/>
      </Files>
    </Project>
  </Solution>
</Prebuild>
